{
  /**
  "AwsS3Storage" : {
    "BucketName": "test-orthanc-s3-plugin",
    "Region" : "eu-central-1",
    "AccessKey" : "AKXXX",                    // optional: if not specified, the plugin will use the default credentials manager (available from version 1.3.0)
    "SecretKey" : "RhYYYY",                   // optional: if not specified, the plugin will use the default credentials manager (available from version 1.3.0)
    "Endpoint": "",                           // optional: custom endpoint
    "ConnectionTimeout": 30,                  // optional: connection timeout in seconds
    "RequestTimeout": 1200,                   // optional: request timeout in seconds (max time to upload/download a file)
    "RootPath": "",                           // optional: see below
    "MigrationFromFileSystemEnabled": false,  // optional: see below
    "StorageStructure": "flat",               // optional: see below
    "EnableLegacyUnknownFiles": true,         // optional: see below
    "VirtualAddressing": true,                // optional: see the section related to MinIO
    "StorageEncryption" : {},                 // optional: see the section related to encryption
    "HybridMode": "Disabled",                 // optional: see the section related to Hybrid storage
    "UseTransferManager": false,              // optional: see below (available from version 2.3.0)
    "EnableAwsSdkLogs": false                 // optional: include AWS SDK logs in Orthanc logs
  }
  **/
}
